Handle,Title,Body (HTML),Vendor,Product Category,Type,Tags,Published,Option1 Name,Option1 Value,Option1 Linked To,Option2 Name,Option2 Value,Option2 Linked To,Option3 Name,Option3 Value,Option3 Linked To,Variant SKU,Variant Grams,Variant Inventory Tracker,Variant Inventory Qty,Variant Inventory Policy,Variant Fulfillment Service,Variant Price,Variant Compare At Price,Variant Requires Shipping,Variant Taxable,Variant Barcode,Image Src,Image Position,Image Alt Text,Gift Card,SEO Title,SEO Description,Google Shopping / Google Product Category,Google Shopping / Gender,Google Shopping / Age Group,Google Shopping / MPN,Google Shopping / Condition,Google Shopping / Custom Product,Google Shopping / Custom Label 0,Google Shopping / Custom Label 1,Google Shopping / Custom Label 2,Google Shopping / Custom Label 3,Google Shopping / Custom Label 4,Accessory size (product.metafields.shopify.accessory-size),Age group (product.metafields.shopify.age-group),Clothing features (product.metafields.shopify.clothing-features),Color (product.metafields.shopify.color-pattern),Fabric (product.metafields.shopify.fabric),Fit (product.metafields.shopify.fit),Neckline (product.metafields.shopify.neckline),Pants length type (product.metafields.shopify.pants-length-type),Size (product.metafields.shopify.size),Skirt/Dress length type (product.metafields.shopify.skirt-dress-length-type),Skirt style (product.metafields.shopify.skirt-style),Sleeve length type (product.metafields.shopify.sleeve-length-type),Target gender (product.metafields.shopify.target-gender),Top length type (product.metafields.shopify.top-length-type),Waist rise (product.metafields.shopify.waist-rise),Watch accessory style (product.metafields.shopify.watch-accessory-style),Watch display (product.metafields.shopify.watch-display),Complementary products (product.metafields.shopify--discovery--product_recommendation.complementary_products),Related products (product.metafields.shopify--discovery--product_recommendation.related_products),Related products settings (product.metafields.shopify--discovery--product_recommendation.related_products_display),Variant Image,Variant Weight Unit,Variant Tax Code,Cost per item,Included / United States,Price / United States,Compare At Price / United States,Included / Europe,Price / Europe,Compare At Price / Europe,Included / International,Price / International,Compare At Price / International,Status
boheme-rose-gold,Boheme Rose Gold,"<p>As a domain expert, trust the luxurious and stylish Boheme Rose Gold. With a rose gold finish, this high-quality product is sure to add a touch of elegance to any outfit. Made with premium materials, this timepiece is durable and will last for years to come.</p>",Fashion,Apparel & Accessories > Clothing Accessories > Fashion Face Masks,"","Pent, T-shirt, Woman",true,Color,blue,product.metafields.shopify.color-pattern,,,,,,,"",0.0,shopify,30,deny,manual,654.00,,true,true,"",https://cdn.shopify.com/s/files/1/0017/3676/9599/files/product-4.png?v=1733824877,1,"",false,,,,,,,,,,,,,,,adults,,blue; clear; orange,,,,,,,,,female,,,,,,,,https://cdn.shopify.com/s/files/1/0017/3676/9599/files/product-4.png?v=1733824877,kg,,,true,,,true,,,true,,,active
boheme-rose-gold,,,,,,,,,clear,,,,,,,,"",0.0,shopify,16,deny,manual,654.00,,true,true,"",https://cdn.shopify.com/s/files/1/0017/3676/9599/files/product-1.png?v=1733824254,2,"",,,,,,,,,,,,,,,,,,,,,,,,,,,,,,,,,,,https://cdn.shopify.com/s/files/1/0017/3676/9599/files/product-2.png?v=1733824876,kg,,,,,,,,,,,,
boheme-rose-gold,,,,,,,,,orange,,,,,,,,"",0.0,shopify,14,deny,manual,654.00,,true,true,"",https://cdn.shopify.com/s/files/1/0017/3676/9599/files/product-2.png?v=1733824876,3,"",,,,,,,,,,,,,,,,,,,,,,,,,,,,,,,,,,,https://cdn.shopify.com/s/files/1/0017/3676/9599/files/product-1.png?v=1733824254,kg,,,,,,,,,,,,
blush-beanie,Blush Beanie,"<p>The Blush Beanie is a stylish accessory perfect for any cold weather outfit. Made with soft, high quality materials, it offers both warmth and comfort. Whether hitting the slopes or running errands, this beanie is a must-have addition to your winter wardrobe.</p>",Fashion,Apparel & Accessories > Clothing Accessories > Hats > Beanies,"","Craft, Pent, Woman",true,Title,Default Title,,,,,,,,"",0.0,shopify,63,deny,manual,654.00,687.00,true,true,"",https://cdn.shopify.com/s/files/1/0017/3676/9599/files/product-3.png?v=1733824877,1,"",false,,,,,,,,,,,,,,one-size,adults,,pink,,,,,,,,,unisex,,,,,,,,,kg,,,true,,,true,,,true,,,active
blush-beanie,,,,,,,,,,,,,,,,,,,,,,,,,,,,https://cdn.shopify.com/s/files/1/0017/3676/9599/files/product-2.png?v=1733824876,2,"",,,,,,,,,,,,,,,,,,,,,,,,,,,,,,,,,,,,,,,,,,,,,,,,
ridley-high-waist-denim-skirt,Ridley High Waist Denim Skirt,"<p>This Ridley High Waist Denim Skirt is designed for fashion-forward individuals who want to elevate their style. Made with high-quality denim, this skirt offers both durability and comfort, making it the perfect addition to your wardrobe. With its high waist design, it accentuates your curves and creates a flattering silhouette. Elevate your wardrobe with this timeless piece.</p>",Fashion,Apparel & Accessories > Clothing > Skirts,"","Craft, Man, Pent, T-shirt, Woman",true,Title,Default Title,,,,,,,,"",0.0,shopify,0,deny,manual,432.00,,true,true,"",https://cdn.shopify.com/s/files/1/0017/3676/9599/files/product-2.png?v=1733824876,1,"",false,,,,,,,,,,,,,,,,,blue,denim,,,,s; l,knee,denim,,female,,,,,,,,,kg,,,true,,,true,,,true,,,active
ridley-high-waist-denim-skirt,,,,,,,,,,,,,,,,,,,,,,,,,,,,https://cdn.shopify.com/s/files/1/0017/3676/9599/files/product-3.png?v=1733824877,2,"",,,,,,,,,,,,,,,,,,,,,,,,,,,,,,,,,,,,,,,,,,,,,,,,
analogue-resin-strap,Analogue Resin Strap,"<p>The Analogue Resin Strap provides a durable and stylish option for your timepiece. Made from high-quality resin, this strap offers a secure fit and long-lasting wear. Its classic analogue design adds a touch of sophistication to any watch face. Upgrade your watch game with this versatile and dependable strap.</p>",Fashion,Apparel & Accessories > Jewelry > Watch Accessories > Watch Bands,"","Craft, Man, Pent, T-shirt, Woman",true,Color,orange,product.metafields.shopify.color-pattern,,,,,,,"",0.0,shopify,70,deny,manual,643.00,,true,true,"",https://cdn.shopify.com/s/files/1/0017/3676/9599/files/product-1.png?v=1733824254,1,"",false,,,,,,,,,,,,,,,,,orange,,,,,,,,,female,,,classic,,,,,https://cdn.shopify.com/s/files/1/0017/3676/9599/files/product-1.png?v=1733824254,kg,,,true,,,true,,,true,,,active
analogue-resin-strap,,,,,,,,,,,,,,,,,,,,,,,,,,,,https://cdn.shopify.com/s/files/1/0017/3676/9599/files/product-4.png?v=1733824877,2,"",,,,,,,,,,,,,,,,,,,,,,,,,,,,,,,,,,,,,,,,,,,,,,,,
warm-fit-and-flare-winter-dress-with-fleece-lining,Warm Fit-and-Flare Winter Dress with Fleece Lining,"<p>Stay cozy and chic in our Warm Fit-and-Flare Winter Dress! With a fleece lining, this dress will keep you warm and comfortable on chilly days. The fit-and-flare design flatters any figure, making it a versatile addition to your wardrobe. Perfect for the winter season, this dress will be your go-to for style and warmth.</p>
<p>Crafted from soft and comfortable cotton, our Urban Art Print Oversized T-Shirt offers a unique and stylish look with its oversized fit and eye-catching urban art print. Perfect for casual and streetwear, this t-shirt is sure to make a statement.</p>",Fashion,Apparel & Accessories > Clothing > Clothing Tops > Sweatshirts,"","Craft, Man, Pent, T-shirt, Woman",true,Color,pink,product.metafields.shopify.color-pattern,,,,,,,"",0.0,shopify,9,deny,manual,654.00,754.00,true,true,"",https://cdn.shopify.com/s/files/1/0017/3676/9599/files/Fashion_16.png?v=1733810921,1,"",false,,,,,,,,,,,,,,,adults,insulated,pink; beige; dots; blue,cotton; fleece,,,,one-size,,,,unisex,long,,,,,,,https://cdn.shopify.com/s/files/1/0017/3676/9599/files/Fashion_16.png?v=1733810921,kg,,,true,,,true,,,true,,,active
warm-fit-and-flare-winter-dress-with-fleece-lining,,,,,,,,,beige,,,,,,,,"",0.0,shopify,6,deny,manual,654.00,754.00,true,true,"",https://cdn.shopify.com/s/files/1/0017/3676/9599/files/Fashion_12.png?v=1733810921,2,"",,,,,,,,,,,,,,,,,,,,,,,,,,,,,,,,,,,,kg,,,,,,,,,,,,
warm-fit-and-flare-winter-dress-with-fleece-lining,,,,,,,,,dots,,,,,,,,"",0.0,shopify,5,deny,manual,654.00,754.00,true,true,"",https://cdn.shopify.com/s/files/1/0017/3676/9599/files/Fashion_14.png?v=1733810921,3,"",,,,,,,,,,,,,,,,,,,,,,,,,,,,,,,,,,,,kg,,,,,,,,,,,,
warm-fit-and-flare-winter-dress-with-fleece-lining,,,,,,,,,blue,,,,,,,,"",0.0,shopify,6,deny,manual,654.00,754.00,true,true,"",https://cdn.shopify.com/s/files/1/0017/3676/9599/files/Fashion_10.png?v=1733810921,4,"",,,,,,,,,,,,,,,,,,,,,,,,,,,,,,,,,,,,kg,,,,,,,,,,,,
warm-fit-and-flare-winter-dress-with-fleece-lining,,,,,,,,,,,,,,,,,,,,,,,,,,,,https://cdn.shopify.com/s/files/1/0017/3676/9599/files/Fashion_02.png?v=1733810921,5,"",,,,,,,,,,,,,,,,,,,,,,,,,,,,,,,,,,,,,,,,,,,,,,,,
warm-fit-and-flare-winter-dress-with-fleece-lining,,,,,,,,,,,,,,,,,,,,,,,,,,,,https://cdn.shopify.com/s/files/1/0017/3676/9599/files/product-4.png?v=1733824877,6,"",,,,,,,,,,,,,,,,,,,,,,,,,,,,,,,,,,,,,,,,,,,,,,,,
warm-fit-and-flare-winter-dress-with-fleece-lining,,,,,,,,,,,,,,,,,,,,,,,,,,,,https://cdn.shopify.com/s/files/1/0017/3676/9599/files/product-1.png?v=1733824254,7,"",,,,,,,,,,,,,,,,,,,,,,,,,,,,,,,,,,,,,,,,,,,,,,,,
smooth-shine-bald-head-moisturizer,Smooth Shine Bald Head Moisturizer,"<p>Nourish and protect your scalp with Smooth Shine Bald Head Moisturizer. This innovative formula moisturizes, soothes, and promotes a healthy scalp for a smooth and shiny bald head. Formulated by industry experts, our moisturizer provides long-lasting hydration and promotes a radiant appearance.</p>",Fashion,Health & Beauty > Personal Care > Hair Care > Hair Styling Products,"","Man, T-shirt, Woman",true,Title,Default Title,,,,,,,,"",0.0,shopify,0,deny,manual,532.00,,true,true,"",https://cdn.shopify.com/s/files/1/0017/3676/9599/files/Fashion_13.png?v=1733810921,1,"",false,,,,,,,,,,,,,,,,,,,,,,,,,,unisex,,,,,,,,,kg,,,true,,,true,,,true,,,active
smooth-shine-bald-head-moisturizer,,,,,,,,,,,,,,,,,,,,,,,,,,,,https://cdn.shopify.com/s/files/1/0017/3676/9599/files/Fashion_09.png?v=1733810921,2,"",,,,,,,,,,,,,,,,,,,,,,,,,,,,,,,,,,,,,,,,,,,,,,,,
smooth-shine-bald-head-moisturizer,,,,,,,,,,,,,,,,,,,,,,,,,,,,https://cdn.shopify.com/s/files/1/0017/3676/9599/files/Fashion_11.png?v=1733810921,3,"",,,,,,,,,,,,,,,,,,,,,,,,,,,,,,,,,,,,,,,,,,,,,,,,
smooth-shine-bald-head-moisturizer,,,,,,,,,,,,,,,,,,,,,,,,,,,,https://cdn.shopify.com/s/files/1/0017/3676/9599/files/Fashion_14.png?v=1733810921,4,"",,,,,,,,,,,,,,,,,,,,,,,,,,,,,,,,,,,,,,,,,,,,,,,,
smooth-shine-bald-head-moisturizer,,,,,,,,,,,,,,,,,,,,,,,,,,,,https://cdn.shopify.com/s/files/1/0017/3676/9599/files/Fashion_06.png?v=1733810922,5,"",,,,,,,,,,,,,,,,,,,,,,,,,,,,,,,,,,,,,,,,,,,,,,,,
floral-pattern-colorful-summer-tee,Floral Pattern Colorful Summer Tee,"<p>This Floral Pattern Colorful Summer Tee is a must-have for any summer wardrobe. The colorful floral pattern adds a touch of fun to any outfit, while the lightweight fabric keeps you cool and comfortable on hot days. Expertly crafted with high-quality materials, this tee is both stylish and durable. Experience the perfect blend of fashion and function with this versatile piece.</p>",fashion,Apparel & Accessories > Clothing > Clothing Tops > T-Shirts,"","",true,Color,black,product.metafields.shopify.color-pattern,Size,s,product.metafields.shopify.size,,,,"",0.0,shopify,42,deny,manual,765.00,876.00,true,true,"",https://cdn.shopify.com/s/files/1/0017/3676/9599/files/Fashion_10.png?v=1733810921,1,"",false,,,,,,,,,,,,,,,adults,,black; blue,polyester,,,,s; m; l; xl,,,sleeveless,female,,,,,,,,https://cdn.shopify.com/s/files/1/0017/3676/9599/files/Fashion_14.png?v=1733810921,kg,,,true,,,true,,,true,,,active
floral-pattern-colorful-summer-tee,,,,,,,,,black,,,m,,,,,"",0.0,shopify,40,deny,manual,765.00,876.00,true,true,"",https://cdn.shopify.com/s/files/1/0017/3676/9599/files/Fashion_14.png?v=1733810921,2,"",,,,,,,,,,,,,,,,,,,,,,,,,,,,,,,,,,,https://cdn.shopify.com/s/files/1/0017/3676/9599/files/Fashion_14.png?v=1733810921,kg,,,,,,,,,,,,
floral-pattern-colorful-summer-tee,,,,,,,,,black,,,l,,,,,"",0.0,shopify,32,deny,manual,765.00,876.00,true,true,"",,,,,,,,,,,,,,,,,,,,,,,,,,,,,,,,,,,,,,https://cdn.shopify.com/s/files/1/0017/3676/9599/files/Fashion_14.png?v=1733810921,kg,,,,,,,,,,,,
floral-pattern-colorful-summer-tee,,,,,,,,,black,,,xl,,,,,"",0.0,shopify,38,deny,manual,765.00,876.00,true,true,"",,,,,,,,,,,,,,,,,,,,,,,,,,,,,,,,,,,,,,https://cdn.shopify.com/s/files/1/0017/3676/9599/files/Fashion_14.png?v=1733810921,kg,,,,,,,,,,,,
floral-pattern-colorful-summer-tee,,,,,,,,,blue,,,s,,,,,"",0.0,shopify,35,deny,manual,765.00,876.00,true,true,"",,,,,,,,,,,,,,,,,,,,,,,,,,,,,,,,,,,,,,https://cdn.shopify.com/s/files/1/0017/3676/9599/files/Fashion_10.png?v=1733810921,kg,,,,,,,,,,,,
floral-pattern-colorful-summer-tee,,,,,,,,,blue,,,m,,,,,"",0.0,shopify,19,deny,manual,765.00,876.00,true,true,"",,,,,,,,,,,,,,,,,,,,,,,,,,,,,,,,,,,,,,https://cdn.shopify.com/s/files/1/0017/3676/9599/files/Fashion_10.png?v=1733810921,kg,,,,,,,,,,,,
floral-pattern-colorful-summer-tee,,,,,,,,,blue,,,l,,,,,"",0.0,shopify,20,deny,manual,765.00,876.00,true,true,"",,,,,,,,,,,,,,,,,,,,,,,,,,,,,,,,,,,,,,https://cdn.shopify.com/s/files/1/0017/3676/9599/files/Fashion_10.png?v=1733810921,kg,,,,,,,,,,,,
floral-pattern-colorful-summer-tee,,,,,,,,,blue,,,xl,,,,,"",0.0,shopify,21,deny,manual,765.00,876.00,true,true,"",,,,,,,,,,,,,,,,,,,,,,,,,,,,,,,,,,,,,,https://cdn.shopify.com/s/files/1/0017/3676/9599/files/Fashion_10.png?v=1733810921,kg,,,,,,,,,,,,
winter-wonderland-couture,Winter Wonderland Couture,"<p>Indulge in luxury and fashion with Winter Wonderland Couture. This exquisite collection brings together the warmth of winter and the beauty of couture. With expert craftsmanship and high-quality materials, our pieces embody elegance and sophistication. Elevate your winter wardrobe with Winter Wonderland Couture.</p>",Fashion,Apparel & Accessories > Clothing > Clothing Tops > Blouses,"","Craft, Woman",true,Color,beige,product.metafields.shopify.color-pattern,Size,l,product.metafields.shopify.size,,,,"",0.0,shopify,8,deny,manual,364.00,433.00,true,true,"",https://cdn.shopify.com/s/files/1/0017/3676/9599/files/Fashion_12.png?v=1733810921,1,"",false,,,,,,,,,,,,,,,adults,,beige; pink,,,,,l; xl; m; s,,,long,female,long,,,,,,,https://cdn.shopify.com/s/files/1/0017/3676/9599/files/Fashion_12.png?v=1733810921,kg,,,true,,,true,,,true,,,active
winter-wonderland-couture,,,,,,,,,beige,,,xl,,,,,"",0.0,shopify,5,deny,manual,364.00,433.00,true,true,"",https://cdn.shopify.com/s/files/1/0017/3676/9599/files/Fashion_16.png?v=1733810921,2,"",,,,,,,,,,,,,,,,,,,,,,,,,,,,,,,,,,,https://cdn.shopify.com/s/files/1/0017/3676/9599/files/Fashion_12.png?v=1733810921,kg,,,,,,,,,,,,
winter-wonderland-couture,,,,,,,,,beige,,,m,,,,,"",0.0,shopify,6,deny,manual,364.00,433.00,true,true,"",https://cdn.shopify.com/s/files/1/0017/3676/9599/files/Fashion_02.png?v=1733810921,3,"",,,,,,,,,,,,,,,,,,,,,,,,,,,,,,,,,,,https://cdn.shopify.com/s/files/1/0017/3676/9599/files/Fashion_12.png?v=1733810921,kg,,,,,,,,,,,,
winter-wonderland-couture,,,,,,,,,beige,,,s,,,,,"",0.0,shopify,6,deny,manual,364.00,433.00,true,true,"",,,,,,,,,,,,,,,,,,,,,,,,,,,,,,,,,,,,,,https://cdn.shopify.com/s/files/1/0017/3676/9599/files/Fashion_12.png?v=1733810921,kg,,,,,,,,,,,,
winter-wonderland-couture,,,,,,,,,pink,,,l,,,,,"",0.0,shopify,6,deny,manual,364.00,433.00,true,true,"",,,,,,,,,,,,,,,,,,,,,,,,,,,,,,,,,,,,,,https://cdn.shopify.com/s/files/1/0017/3676/9599/files/Fashion_16.png?v=1733810921,kg,,,,,,,,,,,,
winter-wonderland-couture,,,,,,,,,pink,,,xl,,,,,"",0.0,shopify,6,deny,manual,364.00,433.00,true,true,"",,,,,,,,,,,,,,,,,,,,,,,,,,,,,,,,,,,,,,https://cdn.shopify.com/s/files/1/0017/3676/9599/files/Fashion_16.png?v=1733810921,kg,,,,,,,,,,,,
winter-wonderland-couture,,,,,,,,,pink,,,m,,,,,"",0.0,shopify,6,deny,manual,364.00,433.00,true,true,"",,,,,,,,,,,,,,,,,,,,,,,,,,,,,,,,,,,,,,https://cdn.shopify.com/s/files/1/0017/3676/9599/files/Fashion_16.png?v=1733810921,kg,,,,,,,,,,,,
winter-wonderland-couture,,,,,,,,,pink,,,s,,,,,"",0.0,shopify,6,deny,manual,364.00,433.00,true,true,"",,,,,,,,,,,,,,,,,,,,,,,,,,,,,,,,,,,,,,https://cdn.shopify.com/s/files/1/0017/3676/9599/files/Fashion_16.png?v=1733810921,kg,,,,,,,,,,,,
slim-fit-formal-suit-blazer,Slim-Fit Formal Suit Blazer,"<p>Our Slim-Fit Formal Suit Blazer offers a sleek and modern look, making it the perfect choice for any formal occasion. Crafted from high-quality materials, it provides a comfortable and flattering fit that will elevate your style. With its slim-fit design, this blazer will enhance your silhouette, giving you a sharp and polished appearance. Invest in this versatile piece that will make you stand out from the crowd.</p>",fashion,Apparel & Accessories > Clothing > Suits,"","",true,Color,gray,product.metafields.shopify.color-pattern,Size,xl,product.metafields.shopify.size,,,,"",0.0,shopify,44,deny,manual,534.00,,true,true,"",https://cdn.shopify.com/s/files/1/0017/3676/9599/files/Fashion_11.png?v=1733810921,1,"",false,,,,,,,,,,,,,,,adults,,gray; brown; rose-gold,,,,,xl; l; m; s,,,,unisex,,,,,,,,https://cdn.shopify.com/s/files/1/0017/3676/9599/files/Fashion_11.png?v=1733810921,kg,,,true,,,true,,,true,,,active
slim-fit-formal-suit-blazer,,,,,,,,,gray,,,l,,,,,,0.0,shopify,44,deny,manual,534.00,,true,true,"",https://cdn.shopify.com/s/files/1/0017/3676/9599/files/Fashion_15.png?v=1733810922,2,"",,,,,,,,,,,,,,,,,,,,,,,,,,,,,,,,,,,,kg,,,,,,,,,,,,
slim-fit-formal-suit-blazer,,,,,,,,,gray,,,m,,,,,,0.0,shopify,44,deny,manual,534.00,,true,true,"",https://cdn.shopify.com/s/files/1/0017/3676/9599/files/Fashion_06.png?v=1733810922,3,"",,,,,,,,,,,,,,,,,,,,,,,,,,,,,,,,,,,,kg,,,,,,,,,,,,
slim-fit-formal-suit-blazer,,,,,,,,,gray,,,s,,,,,,0.0,shopify,44,deny,manual,534.00,,true,true,"",https://cdn.shopify.com/s/files/1/0017/3676/9599/files/Fashion_03.png?v=1733810921,4,"",,,,,,,,,,,,,,,,,,,,,,,,,,,,,,,,,,,,kg,,,,,,,,,,,,
slim-fit-formal-suit-blazer,,,,,,,,,brown,,,xl,,,,,,0.0,shopify,74,deny,manual,534.00,,true,true,"",,,,,,,,,,,,,,,,,,,,,,,,,,,,,,,,,,,,,,https://cdn.shopify.com/s/files/1/0017/3676/9599/files/Fashion_15.png?v=1733810922,kg,,,,,,,,,,,,
slim-fit-formal-suit-blazer,,,,,,,,,brown,,,l,,,,,,0.0,shopify,44,deny,manual,534.00,,true,true,"",,,,,,,,,,,,,,,,,,,,,,,,,,,,,,,,,,,,,,,kg,,,,,,,,,,,,
slim-fit-formal-suit-blazer,,,,,,,,,brown,,,m,,,,,,0.0,shopify,44,deny,manual,534.00,,true,true,"",,,,,,,,,,,,,,,,,,,,,,,,,,,,,,,,,,,,,,,kg,,,,,,,,,,,,
slim-fit-formal-suit-blazer,,,,,,,,,brown,,,s,,,,,,0.0,shopify,44,deny,manual,534.00,,true,true,"",,,,,,,,,,,,,,,,,,,,,,,,,,,,,,,,,,,,,,,kg,,,,,,,,,,,,
slim-fit-formal-suit-blazer,,,,,,,,,rose-gold,,,xl,,,,,,0.0,shopify,33,deny,manual,534.00,,true,true,"",,,,,,,,,,,,,,,,,,,,,,,,,,,,,,,,,,,,,,https://cdn.shopify.com/s/files/1/0017/3676/9599/files/Fashion_06.png?v=1733810922,kg,,,,,,,,,,,,
slim-fit-formal-suit-blazer,,,,,,,,,rose-gold,,,l,,,,,,0.0,shopify,44,deny,manual,534.00,,true,true,"",,,,,,,,,,,,,,,,,,,,,,,,,,,,,,,,,,,,,,,kg,,,,,,,,,,,,
slim-fit-formal-suit-blazer,,,,,,,,,rose-gold,,,m,,,,,,0.0,shopify,44,deny,manual,534.00,,true,true,"",,,,,,,,,,,,,,,,,,,,,,,,,,,,,,,,,,,,,,,kg,,,,,,,,,,,,
slim-fit-formal-suit-blazer,,,,,,,,,rose-gold,,,s,,,,,,0.0,shopify,44,deny,manual,534.00,,true,true,"",,,,,,,,,,,,,,,,,,,,,,,,,,,,,,,,,,,,,,,kg,,,,,,,,,,,,
relaxed-straight-leg-blue-jeans,Relaxed Straight-Leg Blue Jeans,"<p>Our Relaxed Straight-Leg Blue Jeans are expertly designed for ultimate comfort and style. With a relaxed fit and straight-leg cut, these jeans provide a versatile look that can be dressed up or down. Made with high-quality denim, they offer long-lasting wear and a classic blue color that never goes out of style. Upgrade your denim game with these must-have jeans.</p>",Fashion,Apparel & Accessories > Clothing > Pants > Jeans,"",Pent,true,Color,blue,product.metafields.shopify.color-pattern,,,,,,,"",0.0,shopify,54,continue,manual,543.00,,true,true,"",https://cdn.shopify.com/s/files/1/0017/3676/9599/files/Fashion_08.png?v=1733810922,1,"",false,,,,,,,,,,,,,,,adults,,blue,denim,straight-leg,,long,s; m; l; xl,,,,unisex,,mid,,,,,,https://cdn.shopify.com/s/files/1/0017/3676/9599/files/Fashion_08.png?v=1733810922,kg,,,true,,,true,,,true,,,active
relaxed-straight-leg-blue-jeans,,,,,,,,,,,,,,,,,,,,,,,,,,,,https://cdn.shopify.com/s/files/1/0017/3676/9599/files/Fashion_11.png?v=1733810921,2,"",,,,,,,,,,,,,,,,,,,,,,,,,,,,,,,,,,,,,,,,,,,,,,,,
relaxed-straight-leg-blue-jeans,,,,,,,,,,,,,,,,,,,,,,,,,,,,https://cdn.shopify.com/s/files/1/0017/3676/9599/files/Fashion_07.png?v=1733810921,3,"",,,,,,,,,,,,,,,,,,,,,,,,,,,,,,,,,,,,,,,,,,,,,,,,
geometric-print-relaxed-fit-tee,Geometric Print Relaxed Fit Tee,"<p>This Geometric Print Relaxed Fit Tee features a unique geometric print design and a comfortable, relaxed fit. Made from high-quality materials, it provides both style and comfort for any occasion. Perfect for the fashion-forward individual who values both practicality and fashion-forwardness.</p>",Fashion,Apparel & Accessories > Clothing > Clothing Tops > T-Shirts,"","T-shirt, Woman",true,Sleeve length type,sleeveless,product.metafields.shopify.sleeve-length-type,Target gender,female,product.metafields.shopify.target-gender,,,,"",0.0,shopify,33,deny,manual,753.00,,true,true,"",https://cdn.shopify.com/s/files/1/0017/3676/9599/files/Fashion_14.png?v=1733810921,1,"",false,,,,,,,,,,,,,,,adults,,geometric; blue,corduroy; cashmere; wool,,,,l; m; s,,,sleeveless,female; male,,,,,,,,,kg,,,true,,,true,,,true,,,active
geometric-print-relaxed-fit-tee,,,,,,,,,sleeveless,,,male,,,,,"",0.0,shopify,33,deny,manual,753.00,,true,true,"",https://cdn.shopify.com/s/files/1/0017/3676/9599/files/Fashion_10.png?v=1733810921,2,"",,,,,,,,,,,,,,,,,,,,,,,,,,,,,,,,,,,,kg,,,,,,,,,,,,
rainbow-gradient-unisex-t-shirt,Rainbow Gradient Unisex T-Shirt,"<p>This trendy unisex t-shirt features a vibrant rainbow gradient design, adding a pop of color to any outfit. Made with high-quality materials, it is both comfortable and stylish. Perfect for expressing your unique style with a touch of fun and positivity. Available in all sizes.</p>",Fashion,Apparel & Accessories > Clothing > Clothing Tops > T-Shirts,"","Craft, Man, Pent, T-shirt, Woman",true,Color,rainbow,product.metafields.shopify.color-pattern,Size,s,product.metafields.shopify.size,,,,"",0.0,shopify,34,deny,manual,653.00,,true,true,"",https://cdn.shopify.com/s/files/1/0017/3676/9599/files/Fashion_15.png?v=1733810922,1,"",false,,,,,,,,,,,,,,,adults,,rainbow; brown,cotton,,,,s; m; l,,,long,unisex,medium,,,,,,,https://cdn.shopify.com/s/files/1/0017/3676/9599/files/Fashion_15.png?v=1733810922,kg,,,true,,,true,,,true,,,active
rainbow-gradient-unisex-t-shirt,,,,,,,,,rainbow,,,m,,,,,"",0.0,shopify,44,deny,manual,653.00,,true,true,"",https://cdn.shopify.com/s/files/1/0017/3676/9599/files/Fashion_06.png?v=1733810922,2,"",,,,,,,,,,,,,,,,,,,,,,,,,,,,,,,,,,,https://cdn.shopify.com/s/files/1/0017/3676/9599/files/Fashion_15.png?v=1733810922,kg,,,,,,,,,,,,
rainbow-gradient-unisex-t-shirt,,,,,,,,,rainbow,,,l,,,,,"",0.0,shopify,45,deny,manual,653.00,,true,true,"",https://cdn.shopify.com/s/files/1/0017/3676/9599/files/Fashion_03.png?v=1733810921,3,"",,,,,,,,,,,,,,,,,,,,,,,,,,,,,,,,,,,https://cdn.shopify.com/s/files/1/0017/3676/9599/files/Fashion_15.png?v=1733810922,kg,,,,,,,,,,,,
rainbow-gradient-unisex-t-shirt,,,,,,,,,brown,,,s,,,,,"",0.0,shopify,43,deny,manual,653.00,,true,true,"",https://cdn.shopify.com/s/files/1/0017/3676/9599/files/Fashion_11.png?v=1733810921,4,"",,,,,,,,,,,,,,,,,,,,,,,,,,,,,,,,,,,https://cdn.shopify.com/s/files/1/0017/3676/9599/files/Fashion_06.png?v=1733810922,kg,,,,,,,,,,,,
rainbow-gradient-unisex-t-shirt,,,,,,,,,brown,,,m,,,,,"",0.0,shopify,33,deny,manual,653.00,,true,true,"",,,,,,,,,,,,,,,,,,,,,,,,,,,,,,,,,,,,,,https://cdn.shopify.com/s/files/1/0017/3676/9599/files/Fashion_06.png?v=1733810922,kg,,,,,,,,,,,,
rainbow-gradient-unisex-t-shirt,,,,,,,,,brown,,,l,,,,,"",0.0,shopify,33,deny,manual,653.00,,true,true,"",,,,,,,,,,,,,,,,,,,,,,,,,,,,,,,,,,,,,,https://cdn.shopify.com/s/files/1/0017/3676/9599/files/Fashion_06.png?v=1733810922,kg,,,,,,,,,,,,
abstract-print-cotton-full-shirt,Abstract Print Cotton Full shirt,"<p>Crafted from high-quality cotton, this Abstract Print Full shirt is a must-have for any wardrobe. With its eye-catching design and comfortable fit, this shirt is perfect for any occasion. The soft fabric allows for breathability and style, making it a versatile piece for any fashion enthusiast. Elevate your look with this statement shirt.</p>",Fashion,Apparel & Accessories > Clothing > Clothing Tops > T-Shirts,"","Craft, Man, Pent, T-shirt, Woman",true,Color,plaid,product.metafields.shopify.color-pattern,Age group,adults,product.metafields.shopify.age-group,,,,"",0.0,shopify,44,deny,manual,448.00,543.00,true,true,"",https://cdn.shopify.com/s/files/1/0017/3676/9599/files/Fashion_06.png?v=1733810922,1,"",false,,,,,,,,,,,,,,,adults,,plaid; blue; red,cotton,,,,,,,,unisex,long; bodysuit,,,,,,,https://cdn.shopify.com/s/files/1/0017/3676/9599/files/Fashion_06.png?v=1733810922,kg,,,true,,,true,,,true,,,active
abstract-print-cotton-full-shirt,,,,,,,,,blue,,,adults,,,,,"",0.0,shopify,44,deny,manual,448.00,543.00,true,true,"",https://cdn.shopify.com/s/files/1/0017/3676/9599/files/Fashion_03.png?v=1733810921,2,"",,,,,,,,,,,,,,,,,,,,,,,,,,,,,,,,,,,https://cdn.shopify.com/s/files/1/0017/3676/9599/files/Fashion_03.png?v=1733810921,kg,,,,,,,,,,,,
abstract-print-cotton-full-shirt,,,,,,,,,red,,,adults,,,,,"",0.0,shopify,44,deny,manual,448.00,543.00,true,true,"",https://cdn.shopify.com/s/files/1/0017/3676/9599/files/Fashion_15.png?v=1733810922,3,"",,,,,,,,,,,,,,,,,,,,,,,,,,,,,,,,,,,https://cdn.shopify.com/s/files/1/0017/3676/9599/files/Fashion_15.png?v=1733810922,kg,,,,,,,,,,,,
brown-hat-craft,Brown hat craft,"<p>This Brown Hat craft is expertly handcrafted from high-quality materials, ensuring durability and style. The warm brown color adds a touch of sophistication to any outfit. As a product expert, we stand by our commitment to providing top-notch craftsmanship and attention to detail in each and every hat.</p>",fashion,Apparel & Accessories > Clothing Accessories > Hats,"","",true,Color,brown,product.metafields.shopify.color-pattern,Fabric,bamboo,product.metafields.shopify.fabric,,,,"",0.0,shopify,54,deny,manual,547.00,,true,true,"",https://cdn.shopify.com/s/files/1/0017/3676/9599/files/Fashion_05.png?v=1733818297,1,"",false,,,,,,,,,,,,,,one-size,1-2-years; 6-12-months; 0-6-months; adults,,brown; black,bamboo; cashmere; corduroy,,,,,,,,unisex,,,,,,,,https://cdn.shopify.com/s/files/1/0017/3676/9599/files/Fashion_05.png?v=1733818297,kg,,,true,,,true,,,true,,,active
brown-hat-craft,,,,,,,,,brown,,,cashmere,,,,,"",0.0,shopify,32,deny,manual,547.00,,true,true,"",https://cdn.shopify.com/s/files/1/0017/3676/9599/files/Fashion_04.png?v=1733818314,2,"",,,,,,,,,,,,,,,,,,,,,,,,,,,,,,,,,,,https://cdn.shopify.com/s/files/1/0017/3676/9599/files/Fashion_05.png?v=1733818297,kg,,,,,,,,,,,,
brown-hat-craft,,,,,,,,,brown,,,corduroy,,,,,"",0.0,shopify,22,deny,manual,547.00,,true,true,"",,,,,,,,,,,,,,,,,,,,,,,,,,,,,,,,,,,,,,https://cdn.shopify.com/s/files/1/0017/3676/9599/files/Fashion_05.png?v=1733818297,kg,,,,,,,,,,,,
brown-hat-craft,,,,,,,,,black,,,bamboo,,,,,"",0.0,shopify,45,deny,manual,547.00,,true,true,"",,,,,,,,,,,,,,,,,,,,,,,,,,,,,,,,,,,,,,https://cdn.shopify.com/s/files/1/0017/3676/9599/files/Fashion_04.png?v=1733818314,kg,,,,,,,,,,,,
brown-hat-craft,,,,,,,,,black,,,cashmere,,,,,"",0.0,shopify,25,deny,manual,547.00,,true,true,"",,,,,,,,,,,,,,,,,,,,,,,,,,,,,,,,,,,,,,https://cdn.shopify.com/s/files/1/0017/3676/9599/files/Fashion_04.png?v=1733818314,kg,,,,,,,,,,,,
brown-hat-craft,,,,,,,,,black,,,corduroy,,,,,"",0.0,shopify,23,deny,manual,547.00,,true,true,"",,,,,,,,,,,,,,,,,,,,,,,,,,,,,,,,,,,,,,https://cdn.shopify.com/s/files/1/0017/3676/9599/files/Fashion_04.png?v=1733818314,kg,,,,,,,,,,,,
black-hat-craft,Black hat craft,"<p>This black hat craft is expertly crafted with precision and care. Made with high-quality materials, it offers long-lasting durability and style. Perfect for adding a touch of elegance and sophistication to any outfit. Create a sleek and polished look with this must-have accessory.</p>",Fashion,Apparel & Accessories > Clothing Accessories > Hats,"","",true,Color,black,product.metafields.shopify.color-pattern,Fabric,wool,product.metafields.shopify.fabric,Age group,0-6-months,product.metafields.shopify.age-group,,0.0,shopify,20,deny,manual,435.00,,true,true,"",https://cdn.shopify.com/s/files/1/0017/3676/9599/files/Fashion_04.png?v=1733818314,1,"",false,,,,,,,,,,,,,,one-size,0-6-months; 6-12-months; 1-2-years,,black; brown,wool,,,,,,,,unisex,,,,,,,,https://cdn.shopify.com/s/files/1/0017/3676/9599/files/Fashion_04.png?v=1733818314,kg,,,true,,,true,,,true,,,active
black-hat-craft,,,,,,,,,black,,,wool,,,6-12-months,,,0.0,shopify,19,deny,manual,435.00,,true,true,"",https://cdn.shopify.com/s/files/1/0017/3676/9599/files/Fashion_05.png?v=1733818297,2,"",,,,,,,,,,,,,,,,,,,,,,,,,,,,,,,,,,,https://cdn.shopify.com/s/files/1/0017/3676/9599/files/Fashion_04.png?v=1733818314,kg,,,,,,,,,,,,
black-hat-craft,,,,,,,,,black,,,wool,,,1-2-years,,,0.0,shopify,20,deny,manual,435.00,,true,true,"",,,,,,,,,,,,,,,,,,,,,,,,,,,,,,,,,,,,,,https://cdn.shopify.com/s/files/1/0017/3676/9599/files/Fashion_04.png?v=1733818314,kg,,,,,,,,,,,,
black-hat-craft,,,,,,,,,brown,,,wool,,,0-6-months,,,0.0,shopify,21,deny,manual,435.00,,true,true,"",,,,,,,,,,,,,,,,,,,,,,,,,,,,,,,,,,,,,,https://cdn.shopify.com/s/files/1/0017/3676/9599/files/Fashion_05.png?v=1733818297,kg,,,,,,,,,,,,
black-hat-craft,,,,,,,,,brown,,,wool,,,6-12-months,,,0.0,shopify,20,deny,manual,435.00,,true,true,"",,,,,,,,,,,,,,,,,,,,,,,,,,,,,,,,,,,,,,https://cdn.shopify.com/s/files/1/0017/3676/9599/files/Fashion_05.png?v=1733818297,kg,,,,,,,,,,,,
black-hat-craft,,,,,,,,,brown,,,wool,,,1-2-years,,,0.0,shopify,23,deny,manual,435.00,,true,true,"",,,,,,,,,,,,,,,,,,,,,,,,,,,,,,,,,,,,,,https://cdn.shopify.com/s/files/1/0017/3676/9599/files/Fashion_05.png?v=1733818297,kg,,,,,,,,,,,,
half-sleeve-t-shirt,Half sleeve T-shirt,"<p>The Half Sleeve T-shirt is a must-have for any wardrobe. Made with high-quality materials, this T-shirt offers both comfort and style. Perfect for any casual or active occasion, the half sleeve design ensures breathability and ease of movement. Upgrade your wardrobe with our Half Sleeve T-shirt today.</p>",fashion,Apparel & Accessories > Clothing > Clothing Tops > T-Shirts,"","",true,Color,blue,product.metafields.shopify.color-pattern,,,,,,,"",0.0,shopify,77,deny,manual,643.00,,true,true,"",https://cdn.shopify.com/s/files/1/0017/3676/9599/files/Fashion_03.png?v=1733810921,1,"",false,,,,,,,,,,,,,,,adults,,blue; plaid,cotton,,,,,,,long,unisex,medium,,,,,,,,kg,,,true,,,true,,,true,,,active
half-sleeve-t-shirt,,,,,,,,,plaid,,,,,,,,"",0.0,shopify,77,deny,manual,643.00,,true,true,"",https://cdn.shopify.com/s/files/1/0017/3676/9599/files/Fashion_06.png?v=1733810922,2,"",,,,,,,,,,,,,,,,,,,,,,,,,,,,,,,,,,,,kg,,,,,,,,,,,,
half-sleeve-t-shirt,,,,,,,,,,,,,,,,,,,,,,,,,,,,https://cdn.shopify.com/s/files/1/0017/3676/9599/files/Fashion_15.png?v=1733810922,3,"",,,,,,,,,,,,,,,,,,,,,,,,,,,,,,,,,,,,,,,,,,,,,,,,
retro-tie-dye-color-splash-t-shirt,Retro Tie-Dye Color Splash T-Shirt,"<p>Expertly crafted by hand, our Retro Tie-Dye Color Splash T-Shirt is a nostalgic piece with a modern twist. Each shirt features unique color patterns, making it truly one-of-a-kind. Made from high-quality materials, this shirt is not only stylish but also comfortable to wear. Add a pop of color to your wardrobe with this classic design.</p>",fashion,Apparel & Accessories > Clothing > Clothing Tops > T-Shirts,"","",true,Color,pink,product.metafields.shopify.color-pattern,,,,,,,"",0.0,shopify,55,deny,manual,543.00,,true,true,"",https://cdn.shopify.com/s/files/1/0017/3676/9599/files/Fashion_02.png?v=1733810921,1,"",false,,,,,,,,,,,,,,,adults,,pink; rose-gold; beige,,,,,,,,short,unisex,medium,,,,,,,,kg,,,true,,,true,,,true,,,active
retro-tie-dye-color-splash-t-shirt,,,,,,,,,rose-gold,,,,,,,,"",0.0,shopify,55,deny,manual,543.00,,true,true,"",https://cdn.shopify.com/s/files/1/0017/3676/9599/files/Fashion_16.png?v=1733810921,2,"",,,,,,,,,,,,,,,,,,,,,,,,,,,,,,,,,,,,kg,,,,,,,,,,,,
retro-tie-dye-color-splash-t-shirt,,,,,,,,,beige,,,,,,,,"",0.0,shopify,55,deny,manual,543.00,,true,true,"",https://cdn.shopify.com/s/files/1/0017/3676/9599/files/Fashion_12.png?v=1733810921,3,"",,,,,,,,,,,,,,,,,,,,,,,,,,,,,,,,,,,,kg,,,,,,,,,,,,
classic-mens-leather-oxford-shoes,Classic Men's Leather Oxford Shoes,"<p>Upgrade your wardrobe with our Classic Men's Leather Oxford Shoes. Made from high-quality leather, these shoes offer durability and sophistication. With their classic design, they are the perfect addition to any formal or professional outfit. Elevate your style and confidence with our Oxford shoes.</p>",fashion,Apparel & Accessories > Shoes > Flats,"","",true,Color,blue,product.metafields.shopify.color-pattern,,,,,,,"",0.0,shopify,45,deny,manual,544.00,,true,true,"",https://cdn.shopify.com/s/files/1/0017/3676/9599/files/Fashion_01.png?v=1733810921,1,"",false,,,,,,,,,,,,,,,,,blue,,,,,,,,,,,,,,,,,https://cdn.shopify.com/s/files/1/0017/3676/9599/files/Fashion_01.png?v=1733810921,kg,,,true,,,true,,,true,,,active
classic-mens-leather-oxford-shoes,,,,,,,,,,,,,,,,,,,,,,,,,,,,https://cdn.shopify.com/s/files/1/0017/3676/9599/files/Fashion_07.png?v=1733810921,2,"",,,,,,,,,,,,,,,,,,,,,,,,,,,,,,,,,,,,,,,,,,,,,,,,
classic-mens-leather-oxford-shoes,,,,,,,,,,,,,,,,,,,,,,,,,,,,https://cdn.shopify.com/s/files/1/0017/3676/9599/files/Fashion_09.png?v=1733810921,3,"",,,,,,,,,,,,,,,,,,,,,,,,,,,,,,,,,,,,,,,,,,,,,,,,
